title,summary,link,published
“มาดามแป้ง” ตั้งลูกสาวนั่งแท่นรองประธานสิงห์เจ้าท่า,“มาดามแป้ง” นวลพรรณ ลํ่าซำ ประธานสโมสรการท่าเรือ เอฟ.ซี. ประกาศแต่งตั้ง “ปราง” นวลวรรณ ลํ่าซำ บุตรสาว นั่งตำแหน่งรองประธานทัพ “สิงห์เจ้าท่า” ด้วยความรู้ด้านจิตวิทยา ความหลงใหลในกีฬาฟุตบอล ผนวกกับแนวคิดของคนรุ่นใหม่ จะช่วยทำงานเสริมศักยภาพทีมได้ในอนาคต โดย “มาดามแป้ง” นวลพรรณ ลํ่าซำ ซีอีโอ บมจ.เมืองไทยประกันภัย ในฐานะประธานสโมสรการท่าเรือ เอฟ.ซี. เผยว่า “ด้วยภารกิจที่หลากหลายของแป้ง การมีคนรักฟุตบอลเหมือนกัน อีกทั้งยังเป็นคนที่เข้าอกเข้าใจกัน ขึ้นมาช่วยทำงานจึงเป็นเรื่องดีต่อทีม จึงตัดสินใจแต่งตั้ง น้องปราง (นวลวรรณ ล่ำซำ) ขึ้นรับตำแหน่งรองประธานสโมสรฯ ซึ่งจบด้านจิตวิทยาจาก University of Queensland ประเทศออสเตรเลีย และจุฬาลงกรณ์มหาวิทยาลัย ซึ่งเป็นสิ่งสำคัญในการบริหารงานองค์กร ที่สำคัญยังต้องการผสมผสานแนวคิดคนรุ่นใหม่ที่มีความแปลกใหม่ หลากหลาย ซึ่งที่ผ่านมาก็ให้มุมมองใหม่ๆ หลังบ้านกับแป้งเสมอ” “หากมองย้อนกลับไป มาดามแป้งเองก็มีจุดเริ่มต้นจากตรงนี้ซึ่งวันนั้นผ่านมาได้ด้วยประสบการณ์ คงเป็นงานที่ท้าทายมากแน่นอนสำหรับน้องปราง แต่เราจะได้คนที่รักและศรัทธาในกีฬาฟุตบอลเพิ่มขึ้น เมื่อเราเปิดโอกาสให้กับคนรุ่นใหม่ที่มีพลังแบบนี้ ฝากคนรักฟุตบอลอีกหนึ่งคนไว้ในหัวใจของแฟนท่าเรือทุกคนด้วยนะคะ” ทั้งนี้ โปรแกรมนัดถัดไป การท่าเรือ เอฟ.ซี. เตรียมเปิดบ้านรับการมาเยือนของ […] The post “มาดามแป้ง” ตั้งลูกสาวนั่งแท่นรองประธานสิงห์เจ้าท่า appeared first on MONO29 TV Official Site.,https://mono29.com/news/344851.html,28_09_2021
“ป่าโมก” น้ำท่วมขังกระทบบ้านเรือนประชาชน,อำเภอป่าโมก จังหวัดอ่างทอง เป็นอีกพื้นที่ตั้งอยู่ริมคลอง ด้วยอิทธิพลพายุเตี้ยนหมู่ ทำให้เกิดฝนตกหนัก เขื่อนเจ้าพระยาต้องเร่งระบายน้ำ ทำให้น้ำเพิ่มสูงขึ้นเข้าท่วมบ้านเรือนประชาชนหลายครัวเรือน ชาวบ้านต้องขนย้ายข้าวของ และมีแนวโน้มว่าจะมีปริมาณน้ำสูงขึ้นอย่างต่อเนื่อง ติดตามความคืบหน้าจาก คุณเนติเชาวน์ คงแก้ว รายงานสดจาก ตำบลโผงเผง อำเภอป่าโมก จังหวัดชลบุรี หลังเขื่อนเจ้าพระยา จังหวัดชัยนาท ต้องเพิ่มการระบายน้ำจากทางตอนเหนือของประเทศอย่างต่อเนื่อง ซึ่งการปรับเพิ่มปริมาณน้ำจะส่งผลกระทบต่อพื้นที่ท้ายเขื่อน เช่นเดียวกับที่ตำบลโผงเผง อำเภอป่าสัก จังหวัดอ่างทอง ชาวบ้านที่นี่ได้รับผลกระทบเนื่องจากเป็นพื้นที่ตั้งอยู่ริมคลอง ขณะนี้จุดที่น้ำสูงสุดอยู่ที่ประมาณ 1.5 เมตร นอกจากนี้พื้นที่ตำบลโผงเผงยังเป็นแอ่งกระทะ จึงทำให้น้ำท่วมขังทั้งหมด 7 หมู่บ้าน จากทั้งหมด 10 หมู่บ้าน โดยเฉพาะหมู่ 4 หมู่ 5 และหมู่ 6 ซึ่งหมู่ 1-7 ประชาชนได้รับผลกระทบ 324 หลังคาเรือน ส่วนพื้นที่ที่อยู่ใกล้กับพนังกั้นน้ำจะไม่ได้รับผลกระทบมากนัก ส่วนใหญ่น้ำจะท่วมพื้นที่ไม่มีแนวผนังกั้นน้ำ ขณะนี้ในหมู่บ้านยังไม่ได้มีการตัดไฟ เพราะชาวบ้านได้ยกหม้อไฟไว้ที่สูง และบ้านเรือนเป็นบ้านยกสูง โดยนายอำเภอป่าโมก เผยว่าได้มีการเตรียมการรับมือน้ำตลอดเวลาทำให้ชาวบ้านสามารถขนย้ายสิ่งของไว้บนที่สูงก่อนที่มวลน้ำจะเข้าท่วมได้ทันเวลา The post “ป่าโมก” น้ำท่วมขังกระทบบ้านเรือนประชาชน appeared first on MONO29 TV Official Site.,https://mono29.com/news/344864.html,28_09_2021
ร้านอาหารเสนอยกเลิกเคอร์ฟิว  เพราะจะมีช่วงเวลาให้ทำมาหากินกันมากขึ้น,มติที่ประชุม ศบค. ผ่อนปรนมาตรการและกิจการเพิ่มเติม เป็นไปตามคาด แต่มุมผู้ประกอบการบอกว่าไม่ได้มีผลอะไรมากนัก เพราะผู้ประกอบการที่ค้าขายในช่วงเย็นจนถึงช่วงค่ำบอกว่าควรจะยกเลิกเคอร์ฟิวไปเลยเพราะจะมีช่วงเวลาให้ทำมาหากินกันมากขึ้น ถนนที่ มีชื่อเสียง และเน้นค้าขายกลางคืน ก็คือเยาวราช ต้องยอมรับว่า ตั้งแต่มีโควิดระบาด มีเคอร์ฟิว วิถีของผู้ค้า และ ลูกค้าเปลี่ยนไป เดิมขาย 5 โมงเย็น ถึง เที่ยงคืน ต้องมาขายไวขึ้น บางร้านมาแต่เช้าเก็บร้านให้ทันเคอร์ฟิว ทีมข่าวเราคุยกับผู้ค้า บอกค่ะว่าเคอร์ฟิว แม้จะลดเวลา แต่ก็ยังเป็นข้อจำกัดในการหารายได้ เพราะเวลาในการขายอาหารสั้นลง จึงอยากให้รัฐยกเลิกเคอร์ฟิวหรือขยายเวลาเคอร์ฟิวออกไป เจ้าของร้านขายอาหาร ผู้ค้าคนนี้บอกว่า หลังการผ่อนคลายมาตรการให้นั่งกินอาหารในร้านได้เริ่มมีนักท่องเที่ยวคนไทยกลับมาบ้าง แต่ยังน้อย มาแล้วก็ต้องรีบกลับจึงไม่อยากมา ชั่วโมงการขายของที่เพิ่มขึ้นมีความหมาย นางฐนิวรรณ กุลมงคล นายกสมาคมภัตตาคารไทย ระบุว่า ได้ทำหนังสือถึงรัฐบาล ขอให้พิจารณาเลื่อนเวลาปิดร้านอาหารจากเดิมเวลา 20 นาฬิกา เป็น 22 นาฬิกาเนื่องจากพบว่าการจำหน่าย อาหารในรอบเย็นนั้น ร้านอาหารส่วนใหญ่ รายได้ลดลงเหลือเพียงร้อยละ 5-10 และในช่วงนี้ฝนตกบ่อยครั้ง ทำให้การค้าขายบาทวิถี เวลาขายลดลงเหลือเพียง 1 -2 […] The post ร้านอาหารเสนอยกเลิกเคอร์ฟิว เพราะจะมีช่วงเวลาให้ทำมาหากินกันมากขึ้น appeared first on MONO29 TV Official Site.,https://mono29.com/news/344862.html,28_09_2021
“ภูริ” เผยนาทีระทึก! น้ำป่าซัดมอเตอร์ไซค์เกือบจมที่วิเชียรบุรี,ทำเอาแฟนๆ เป็นห่วงไม่น้อย เมื่อนักแสดง-พิธีกรชื่อดังอย่าง “ภูริ หิรัญพฤกษ์” ได้ออกมาเปิดเผยคลิปสุดระทึก ขณะรถมอเตอร์ไซค์ฝ่าสายฝนและน้ำเชี่ยวกราด ที่อำเภอวิเชียรบุรี จังหวัดเพชรบูรณ์ พร้อมกับเขียนข้อความเล่าเรื่องราวว่า “เมื่อวานพวกเราฝ่าน้ำป่าที่วิเชียรบุรี บึงสามพันมา เกือบจม ตื่นเต้นมากๆ ตาหยีลงไปเล่นน้ำ 1 ที” งานนี้ด้านภรรยาคนสวย “แอน อลิชา” ยังได้เข้ามาคอมเมนต์ว่า “เอาพ่อฉันไปทำอะไรเนี้ย” ซึ่ง “ภูริ” ตอบว่า “เสริมสร้างประสบการณ์ชีวิต” ส่วนเพื่อนๆ ในวงการและแฟนๆ ต่างเข้ามาเตือนให้เดินทางอย่างระมัดระวังและขอให้เดินทางอย่างปลอดภัย จากนั้นในเวลาต่อมา “ภูริ” ก็ได้โพสต์ภาพถึงที่หมายปลอดภัย พร้อมเพื่อนๆ ที่ออกทริปด้วยกัน เพื่อคลายความกังวลให้ทุกคน The post “ภูริ” เผยนาทีระทึก! น้ำป่าซัดมอเตอร์ไซค์เกือบจมที่วิเชียรบุรี appeared first on MONO29 TV Official Site.,https://mono29.com/news/344860.html,28_09_2021
ดินโคลนถล่มปิดทางขึ้นลง “เขาใหญ่”,(27 ก.ย.) เกิดฝนตกลงมาอย่างหนักนานกว่า 1 ชั่วโมง ทำให้เกิดดินโคลนถล่มปิดเส้นทางขึ้นลงอุทยานแห่งชาติเขาใหญ่ จังหวัดนครราชสีมา ใช้เวลากว่า 2 ชั่วโมงจึงสามารถเปิดเส้นทางได้ ด้านหัวหน้าอุทยานฯ แจ้งเตือนนักท่องเที่ยวระวังดินโคลนถล่ม เช่นเดียวกับที่ถนนสาย 304 นครราชสีมา-กบินทร์บุรี ขาลงจากจุดสกัดผางาม 800 เมตร พื้นที่ตำบลบุพราหมณ์ อำเภอนาดี จังหวัดปราจีนบุรี เกิดดินและหินก้อนขนาดใหญ่ถล่มปิดผิวการจราจร เจ้าหน้าที่ต้องปิดการจราจรช่องทางขาลง 1 ช่องจราจร ต้องใช้เวลาในการเก็บกู้ดินและหินนานกว่า 1 ชั่วโมง จึงสามารถเปิดการจาจรจรได้ ขณะเดียวกัน เจ้าหน้าที่แขวงการทางปราจีนบุรี ต้องเฝ้าระวังตลอด 24 ชั่วโมง เนื่องจากยังมีฝนตกและดินชุ่มน้ำ อาจเกิดดินโคลนถล่มทำให้เกิดอันตรายต่อผู้ใช้เส้นทาง The post ดินโคลนถล่มปิดทางขึ้นลง “เขาใหญ่” appeared first on MONO29 TV Official Site.,https://mono29.com/news/344857.html,28_09_2021
ประธานาธิบดีฝรั่งเศส ถูกประชาชนปาไข่เข้าใส่ ขณะเยี่ยมชมงานนิทรรศการร้านอาหารและโรงแรม,เหตุการณ์ดังกล่าว เกิดขึ้น ขณะที่ประธานาธิบดีเอมมานูเอล มาครง กำลังเยี่ยมชมงานแสดงสินค้าการจัดเลี้ยง โรงแรม และ อาหารนานาชาติที่เมือง ลียง โดยขณะที่เขากำลังเดินอยู่ในงานท่ามกลางผู้คนจำนวนมาก พร้อมเจ้าหน้าที่อารักขารายล้อม ได้มีชายคนหนึ่ง ปาไข่เข้าใส่ที่บริเวณไหล่ของ ประธานาธิบดี มาครง แต่ไข่ฟองดังกล่าว ไม่แตก และ กระเด็นตกไป ขณะที่ ทีมอารักขา 2 นาย รีบเข้าบังตัว นายมาครง ในทันที ต่อมา เจ้าหน้าที่ได้ควบคุมชายที่ก่อเหตุออกไปด้านนอกพื้นที่จัดงาน แต่ยังไม่มีการเปิดเผยรายละเอียอื่นใด ส่วนตัวนายมาครง บอกว่า เขาจะลองถามชายคนนี้ว่าต้องการอะไร ก่อนหน้านี้ เมื่อเดือน มิ.ย. นายมาครงเคยถูกชายคนหนึ่งตบเข้าที่ใบหน้ามาแล้ว เมื่อครั้งลงพื้นที่พบปะประชาชนในเมืองวาล็องซ์ทางตอนใต้ ขณะที่เหลือเวลาอีกประมาณ 6 เดือนเศษ ฝรั่งเศสจะมีการเลือกตั้งประธานาธิบดีคนใหม่ ซึ่งยังไม่เป็นที่ชัดเจนว่านายมาครง จะลงสมัครอีกครั้งหรือไม่ แต่หลายฝ่ายเชื่อว่า เขาน่าจะลงแข่งชิงชัยในตำแหน่งนี้อีกสมัยอย่างแน่นอน The post ประธานาธิบดีฝรั่งเศส ถูกประชาชนปาไข่เข้าใส่ ขณะเยี่ยมชมงานนิทรรศการร้านอาหารและโรงแรม appeared first on MONO29 TV Official Site.,https://mono29.com/news/344855.html,28_09_2021
แพลตฟอร์มซื้อขายคริปโตหลายราย ยุติรับจดทะเบียนใหม่ลูกค้าในจีน,หลังจากธนาคารกลางจีน ได้ออกแถลงการณ์ร่วมกับสถาบันทางการเงินอื่นๆ และธนาคารต่างๆรวม 10 แห่ง เมื่อวันศุกร์ที่ผ่านมา ว่าการทำธุรกรรมทางการเงินทั้งหมดที่เกี่ยวข้องกับสกุลเงินดิจิทัล ซึ่งรวมถึงบิตคอยน์ ถือเป็นสิ่งที่ผิดกฎหมาย และจะถูกกวาดล้างอย่างหนัก ทำให้แพลตฟอร์มซื้อขายแลกเปลี่ยนสกุลเงินคริปโตหลายแห่งได้ยุติการรับจดทะเบียนบัญชีใหม่ของลูกค้าในจีนแล้ว ทั้งนี้ แพลตฟอร์มฮิวโอบี โกลเบิล (Huobi Global)และ ไบแนนซ์ Binance สองแพลตฟอร์มซื้อขายแลกเปลี่ยนสกุลเงินคริปโตรายใหญ่ระดับโลก ได้ประกาศยุติการรับจดทะเบียนบัญชีใหม่ของลูกค้าในจีน หลังจากธนาคารกลางจีนประกาศผ่านเว็บไซต์ว่า การให้บริการซื้อขาย การจับคู่คำสั่ง การออกหน่วยข้อมูลอิเลกทรอนกส์ของผู้ลงทุนหรือโทเคนดิจิทัล รวมทั้งการออกตราสารอนุพันธ์สำหรับสกุลเงินดิจิทัล ถือเป็นสิ่งที่ผิดกฎหมาย นอกจากนี้ แพลตฟอร์มจากต่างประเทศที่ให้บริการซื้อขายสกุลเงินดิจิทัลแก่ลูกค้าในจีน ก็ถือเป็นสิ่งผิดกฎหมายเช่นกัน และพนักงานที่ทำงานให้แก่แพลตฟอร์มดังกล่าวจะถูกดำเนินการสอบสวน ขณะที่ ผู้ร่วมก่อตั้ง Huobi Global นาย ดู จุน ระบุว่า ทางบริษัทจะพยายามจัดการสะสางบัญชีของลูกค้าในปัจจุบันทั้งหมดให้แล้วเสร็จก่อนสิ้นปีนี้ พร้อมกับย้ำว่า หลังจากที่ได้รับการแจ้งเตือนดังกล่าว ทางบริษัทได้เริ่มดำเนินการต่างๆ เพื่อให้เกิดความถูกต้องและเป็นไปตามคำสั่งของทางการจีน นอกจากนี้ โตเคน พอคเก็ต (TokenPocket) ผู้ให้บริการคริปโตวอลเลทชื่อดังเปิดเผยด้วยว่า ทางบริษัทจะระงับการให้บริการแก่ลูกค้าในประเทศจีน เนื่องจากมีความเสี่ยงที่จะละเมิดนโยบายและข้อบังคับของจีน ขณะที่ ราคาหุ้นที่เกี่ยวข้องกับสกุลเงินคริปโตร่วงลงอย่างหนักเมื่อช่วงบ่ายวานนี้ตามเวลาในฮ่องกง โดยหุ้น Huobi Tech […] The post แพลตฟอร์มซื้อขายคริปโตหลายราย ยุติรับจดทะเบียนใหม่ลูกค้าในจีน appeared first on MONO29 TV Official Site.,https://mono29.com/news/344853.html,28_09_2021
ฟันไม่เลี้ยง 9 เดือน “ไล่ออก-ปลดออก” ตำรวจแตกแถว 176 นาย,พลตำรวจตรี ยิ่งยศ เทพจำนงค์ โฆษกสำนักงานตำรวจแห่งชาติ เปิดเผยผลการประชุมคณะกรรมการข้าราชการตำรวจหรือ ก.ตร. ครั้ง10/2564 ซึ่งเป็นครั้งสุดท้ายประจำปีงบประมาณ 2564 ที่ พลเอก ประยุทธ์ จันทร์โอชา นายกรัฐมนตรีและรัฐมนตรีว่าการกระทรวงกลาโหม เป็นประธานการประชุม โดยที่ประชุมรายงานข้อมูลการกระทำผิดวินัยร้ายแรง ของข้าราชการตำรวจ เดือนกันยายน 2564 มีข้าราชการตำรวจลงโทษทั้งสิ้น 28 นาย ไล่ออกจากราชการ 23 นาย และ ปลดออกจากราชการ 5 นาย และ ตั้งแต่เดือนมกราคม ถึง กันยายน 2564 มีข้าราชการตำรวจถูกลงโทษทั้งสิ้น จำนวน 176 นาย แบ่งเป็น ไล่ออกจากราชการ 131 นาย ปลดออกจากราชการ 38 นาย และให้ออกจากราชการ 7 นาย ในที่ประชุมนายกรัฐมนตรีได้ย้ำ เรื่องการลงโทษทางวินัยของข้าราชการตำรวจ หากใครกระทำความผิดต้องพิสูจน์ให้สังคมได้เห็น และดำเนินการลงโทษให้สาสม ให้สังคมได้รับทราบและมั่นใจได้ว่า กระบวนการลงทัณฑ์ตำรวจนั้น ไม่ได้มีการช่วยเหลือกัน The post ฟันไม่เลี้ยง 9 เดือน “ไล่ออก-ปลดออก” ตำรวจแตกแถว 176 นาย appeared first on MONO29 TV Official Site.,https://mono29.com/news/344877.html,28_09_2021
ช้างศึกประกาศตั้ง “มาโน โพลกิ้ง” นั่งแท่นกุนซือลุยซูซูกิคัพ,"มาโน โพลกิ้ง กุนซือชาวเยอรมัน-บราซิล เข้ามาทำหน้าที่ผู้ฝึกสอนในประเทศไทย ตั้งแต่ปี 2012 โดยเริ่มจากการเป็นผู้ช่วยโค้ชของ วิลฟรีด เชเฟอร์ กุนซือใหญ่ทีมชาติไทย ก่อนจะผันตัวไปคุมทีมระดับสโมสรในไทยยาวนานถึง 8 ปี ได้แก่ อาร์มี่ ยูไนเต็ด, สุพรรณบุรี เอฟซี และ ทรู แบงค็อก ยูไนเต็ด ก่อนจะย้ายไปคุมทีม โฮจิมินห์ ซิตี้ ในศึกวีลีก ฤดูกาล 2020/21 “มาดามแป้ง” นวลพรรณ ล่ำซำ ผู้จัดการทีมชาติไทยชุดใหญ่ และรุ่นอายุไม่เกิน 23 ปี เผยว่า “การแข่งขันเอเอฟเอฟ ซูซูกิ คัพ 2020 เป็นรายการสำคัญที่กำลังใกล้เข้ามา ซึ่งเหลือเวลาการทำงานอีกเพียง 2 เดือน ไม่ใช่เพียงไทยที่อยากเป็นเจ้าอาเซียน แต่ทุกทีมก็มุ่งหวังเช่นกัน ในสถานการณ์รุมเร้ามากมาย ทั้งอันดับโลกที่ตกลง และสถานการณ์โควิด-19 ภายในประเทศที่ทำให้การแข่งขันไทยลีกต้องเดินตามโปรแกรม การเตรียมทีมของทีมชาติไทยมีน้อยมาก เราจึงมีความจำเป็นต้องเลือกโค้ชที่มีความเข้าใจและรู้จักทรัพยากรนักฟุตบอลไทยดีที่สุด ซึ่งก็มีความมั่นใจในศักยภาพของมาโน ว่าจะนำประสบการณ์ทั้งหมดมาช่วยทำให้เป้าหมายของทีมชาติไทยสำเร็จ” ”ทราบถึงความคิดเห็นของแฟนบอลว่าต้องการโค้ชหลายๆ […] The post ช้างศึกประกาศตั้ง “มาโน โพลกิ้ง” นั่งแท่นกุนซือลุยซูซูกิคัพ appeared first on MONO29 TV Official Site.",https://mono29.com/news/344882.html,28_09_2021
“ดร.เสรี” คาดน้ำท่วมปีนี้ ไม่ซ้ำรอยปี 54 แนะเตรียมรับมือพายุ,"รองศาสตราจารย์เสรี ศุภราทิตย์ ผู้อำนวยการศูนย์การเปลี่ยนแปลงสภาพภูมิอากาศและภัยพิบัติ มหาวิทยาลัยรังสิต อธิบายไว้ว่า ผลกระทบที่เกิดขึ้นจากพายุเตี้ยนหมู่ จะยังไม่ส่งผลกระทบกับคนกรุงอย่างหนักเหมือนปี 2554 แต่พื้นที่ริมแม่น้ำ อาจได้รับผลกระทบบ้าง ในพื้นที่ลุ่มต่ำและนอกแนวคันกั้นน้ำ รวมถึงจังหวัดปทุมธานี และนนทบุรี ซึ่งจ.พระนครศรีอยุธยา เป็นพื้นที่เสี่ยงและได้รับผลกระทบจากน้ำที่ไหลมามากที่สุด โดยขณะนี้มีการปล่อยน้ำผ่านเขื่อนเจ้าพระยา 2,500 ลูกบาศก์เมตร/วินาที ซึ่งน้ำจากพายุเตี้ยนหมู่ยังไม่ลงมาเติม หากมีน้ำลงมาสมทบเพิ่มเติมก็อาจทำให้ได้รับผลกระทบในพื้นที่เศรษฐกิจอย่างตัวเมืองของจังหวัด แต่พื้นที่อุตสาหกรรมได้ทำแนวกั้นน้ำป้องกันไว้แล้ว โดยคาดว่าจะมีมวลน้ำลงมาที่จังหวัดพระนครศรีอยุธยาช่วงประมาณวันที่ 2-3 ตุลาคม เมื่อเปรียบเทียบสถานการณ์น้ำท่วมในปี 2554 และ 2564 อาจารย์เสรีบอกว่า ที่คล้ายกันคือ มีฝนตกบริเวณภาคกลางใต้เขื่อนหนักเหมือนกัน และปีนี้มีโอกาสตกหนักกว่าปี 2554 แต่ที่แตกต่าง คือ ฝนที่ตกในภาคเหนือแตกต่างกัน ปริมาณน้ำในอ่างก็แตกต่างกันในพื้นที่ภาคเหนือ โดยในปี 2554 เกิดฝนตกในภาคเหนือหนักมาก ทำให้น้ำเต็มเขื่อนหลักอย่างเขื่อนภูมิพล และเขื่อนสิริกิติ์ในช่วง เดือนกันยายน – ตุลาคม ทำให้ต้องระบายน้ำผ่านสปิลเวย์ เมื่อเปรียบเทียบกับสถานการณ์น้ำท่วมปีนี้ จะเป็นในลักษณะของฝนที่ตกลงมาในพื้นที่ และทำให้มีการระบายนน้ำได้ช้า ไม่ใช่น้ำที่หลากและไหลเร็วจากภาคเหนือ ซึ่งปริมาณการเก็บน้ำของเขื่อนหลักภาคเหนือตอนนี้อยู่ในระดับไม่เกิน 50 %ของความจุอ่าง อาจารย์เสรี ยังคาดการณ์ว่า […] The post “ดร.เสรี” คาดน้ำท่วมปีนี้ ไม่ซ้ำรอยปี 54 แนะเตรียมรับมือพายุ appeared first on MONO29 TV Official Site.",https://mono29.com/news/344891.html,28_09_2021
“บิ๊กตู่” ไม่วิตก ฝ่ายค้านยื่นตีความวาระนายกฯ 8 ปี ยัน เป็นเรื่องรัฐธรรมนูญมีฝ่ายกฎหมายดูอยู่แล้ว,นายธนกร วังบุญคงชนะ โฆษกประจำสำนักนายกรัฐมนตรี กล่าวตอบคำถามกรณีฝ่ายค้านยกมาตรา 158 วรรคสี่ ที่ระบุว่า “นายกรัฐมนตรีจะดำรงตำแหน่งรวมกันแล้วเกิน 8 ปีมิได้ ทั้งนี้ ไม่ว่าจะดำรงตำแหน่งติดต่อกันหรือไม่” เรื่องนี้นายกฯ มีความวิตกหรือไม่ ว่า พลเอกประยุทธ์ จันทร์โอชา นายกรัฐมนตรีและรัฐมนตรีว่าการกระทรวงกลาโหม ชี้แจงว่าเรื่องนี้ต้องไปศึกษาดูว่านายกรัฐมนตรีดำรงตำแหน่งมา 2 ครั้งด้วยรัฐธรรมนูญฉบับใด ซึ่งมีฝ่ายกฎหมายพิจารณาเรื่องนี้อยู่แล้ว ดังนั้นนายกฯ จะต้องวิตกทำไม ซึ่งเป็นเรื่องของรัฐธรรมนูญ The post “บิ๊กตู่” ไม่วิตก ฝ่ายค้านยื่นตีความวาระนายกฯ 8 ปี ยัน เป็นเรื่องรัฐธรรมนูญมีฝ่ายกฎหมายดูอยู่แล้ว appeared first on MONO29 TV Official Site.,https://mono29.com/news/344903.html,28_09_2021
ครม. อนุมัติแผนบริหารหนี้สาธารณะ ปีงบ 65 คาดสิ้นเดือน ก.ย. หนี้อยู่ที่ร้อยละ 62.69 ต่อ GDP,"นางสาวรัชดา ธนาดิเรก รองโฆษกประจำสำนักนายกรัฐมนตรี เปิดเผยหลังการประชุมคณะรัฐมนตรี (ครม.) เมื่อวันที่ 28 กันยายน 2564 ว่า ครม.อนุมัติแผนการบริหารหนี้สาธารณะ ประจำปีงบประมาณ 2565 ตามที่กระทรวงการคลังเสนอ ซึ่งประกอบด้วย 1.แผนการก่อหนี้ใหม่ วงเงินรวม 1,344,783.84 ล้านบาท 2.แผนการบริหารหนี้เดิม วงเงินรวม 1,505,369.64 ล้านบาท และ 3.แผนการชำระหนี้ วงเงินรวม 339,291.87 ล้านบาท แผนการบริหารหนี้สาธารณะ ประจำปีงบประมาณ 2565 เป็นกรอบในการกู้เงินสำหรับรัฐบาล รัฐวิสาหกิจ และหน่วยงานอื่นของรัฐ โดยมีวัตถุประสงค์ในการกู้เงิน ประกอบด้วย การกู้เงินเพื่อชดเชยการขาดดุลงบประมาณ การกู้เงินเพื่อดำเนินโครงการเงินกู้เพื่อพัฒนาเศรษฐกิจและสังคมตามมาตรการในการแก้ไขกรณีงบประมาณรายจ่ายลงทุนมีจำนวนน้อยกว่าวงเงินส่วนที่ขาดดุลงบประมาณรายจ่ายประจำปี การกู้เงินภายใต้แผนงานตาม พ.ร.ก. กู้เงินโควิด-19 เพิ่มเติม พ.ศ. 2564 การกู้เงินเพื่อการลงทุนในโครงการต่าง ๆ อาทิเช่น โครงการรถไฟทางคู่ โครงการฟื้นฟูเมืองชุมชนดินแดง โครงการพัฒนาท่าอากาศยานสุวรรณภูมิ โครงการปรับปรุงระบบส่งไฟฟ้า เป็นต้น การกู้เพื่อเสริมสภาพคล่องของรัฐวิสาหกิจ การกู้เพื่อปรับโครงสร้างหนี้และการชำระหนี้ของรัฐบาล รัฐวิสาหกิจ […] The post ครม. อนุมัติแผนบริหารหนี้สาธารณะ ปีงบ 65 คาดสิ้นเดือน ก.ย. หนี้อยู่ที่ร้อยละ 62.69 ต่อ GDP appeared first on MONO29 TV Official Site.",https://mono29.com/news/344905.html,28_09_2021
จนท.เร่งเข้าช่วยเหลือ ตา-ยาย 2 ชีวิต หลังน้ำท่วมติดอยู่ในบ้านนาน 2 วัน สภาพอิดโรย,เจ้าหน้าที่หน่วยกู้ภัยฮุก 31 นครราชสีมา ได้รับแจ้งขอความช่วยเหลือ 2 ตายาย ที่ติดอยู่ในบ้านเลขที่ 176 หมู่บ้านคูเมือง หมู่ 3 ตำบลบัลลังก์ อำเภอโนนไทย จังหวัดนครราชสีมา หลังจากที่หมู่บ้านถูกมวลน้ำจากอ่างเก็บน้ำลำเชียงไกร (ตอนล่าง) ไหลทะลักท่วมบ้านเรือน จนไม่สามารถออกจากบ้านไปไหนได้มาเป็นเวลา 2 วันแล้ว โดยลุยน้ำท่วมสูงกว่า 1 เมตร เข้าไปช่วยเหลือ 2 ตา ยายที่บ้านหลังดังกล่าว ซึ่งเป็นบ้านไม้ 2 ชั้น ชั้นล่างถูกน้ำท่วมสูง 1.20 เมตร เมื่อเจ้าหน้าที่ได้ขึ้นบันไดไปบนชั้น 2 ของตัวบ้าน พบตาวัย 84 ปี ซึ่งป่วยติดเตียง และยาย วัย 74 ปี นอนรอความช่วยเหลืออยู่ด้วยสภาพอิดโรย เนื่องจากอดข้าวอดน้ำมาเป็นเวลา 2 วันแล้ว ก่อนจะเข้าช่วยเหลือจนสำเร็จ และนำทั้งคู่ไปส่งอยู่ในที่ ที่ปลอดภัย The post จนท.เร่งเข้าช่วยเหลือ ตา-ยาย 2 ชีวิต หลังน้ำท่วมติดอยู่ในบ้านนาน 2 วัน สภาพอิดโรย appeared first on MONO29 TV Official Site.,https://mono29.com/news/344907.html,28_09_2021
"ครม.ไฟเขียว รฟท.กู้เงินเสริมสภาพคล่อง วงเงิน 13,500 ล้านบาท","น.ส.ไตรศุลี ไตรสรณกุล รองโฆษกประจำสำนักนายกรัฐมนตรีกล่าวว่า คณะรัฐมนตรี(ครม.) เห็นชอบการกู้เงินของการรถไฟแห่งประเทศไทย(รฟท.) ประกอบด้วย เงินกู้เพื่อบรรเทาการขาดสภาพคล่องในปีงบประมาณ 2565 วงเงิน 13,500 ล้านบาท และเงินกู้ระยะสั้น(วงเงินกู้เบิกเกินบัญชี) วงเงิน 800 ล้านบาท โดยให้ดำเนินการคัดเลือกสถาบันการเงินด้วยวิธีขอเจรจาต่ออายุสัญญากู้เงิน ตามความเห็นของกระทรวงการคลัง โดยให้กระทรวงการคลังเป็นผู้ค้ำประกัน รวมทั้งพิจารณาวิธีการกู้เงิน เงื่อนไข และรายละเอียดตามความเหมาะสม ทั้งนี้ กระทรวงคมนาคมรายงานว่า รฟท.ประสบปัญหาขาดทุนมาอย่างต่อเนื่อง โดยในปี 2565 รฟท.คาดการณ์ว่าจะมีเงินสดรับ 60,965.26 ล้านบาท และเงินสดจ่าย 74,565.26 ล้านบาท โดยมีเงินสดยกมาจากปี 2564 จำนวน 100 ล้านบาท ส่งผลให้รฟท.ขาดเงินสดไว้ใช้จ่ายในปีงบประมาณ 2565 จำนวน 13,500 ล้านบาท จึงจำเป็นต้องกู้เงินในจำนวนดังกล่าว เพื่อให้มีเงินสดหมุนเวียนในการใช้จ่ายดำเนินงาน การลงทุน การจ่ายเงินบำเหน็จบำนาญ และการชำระหนี้เงินกู้ โดยรฟท.คาดว่าจะเริ่มขาดเงินในช่วงเดือนตุลาคม 2564 นอกจากนี้รฟท.มีความจำเป็นต้องกู้เงินระยะสั้น เพื่อให้มีวงเงินสำรองไว้ใช้เสริมสภาพคล่อง โดยทำสัญญาเงินกู้ระยะสั้น วงเงิน 800 ล้านบาท […] The post ครม.ไฟเขียว รฟท.กู้เงินเสริมสภาพคล่อง วงเงิน 13,500 ล้านบาท appeared first on MONO29 TV Official Site.",https://mono29.com/news/344910.html,28_09_2021
“บิ๊กตู่” ลงนามให้ “บิ๊กป้อม” คุมหน่วยงาน-กรม ที่ “ธรรมนัส” เคยดูแล จากเดิมที่ “จุรินทร์” ทำหน้าที่ปฏิบัติราชการแทน,วันนี้ (28 ก.ย. 64) ที่ ทำเนียบรัฐบาล ผู้สื่อข่าวรายงานว่า ในการประชุมคณะรัฐมนตรี (ครม.) รับทราบคำสั่งนายกรัฐมนตรีเรื่องแก้ไขคำสั่งเพิ่มเติม มอบหมาย และมอบอำนาจให้รองนายกรัฐมนตรี และรัฐมนตรีสำนักนายกรัฐมนตรีปฏิบัติราชการแทนนายกรัฐมนตรี โดยให้ พล.อ.ประวิตร วงษ์สุวรรณ รองนายกรัฐมนตรี กำกับการบริหารราชการแทนนายกรัฐมนตรี เป็นการชั่วคราวในระหว่างนี้ ในส่วนของกระทรวงเกษตรและสหกรณ์ เฉพาะกรมพัฒนาที่ดิน กรมฝนหลวงการบินเกษตร สำนักงานการปฏิรูปที่ดินเพื่อการเกษตร และองค์การตลาดเพื่อเกษตรกร ทั้งนี้เป็นการกำกับ บริหารจัดการราชการแทนนายกรัฐมนตรี และแทนนายจุรินทร์ ลักษณวิศิษฏ์ รัฐมนตรีว่าการกระทรวงเกษตรและสหกรณ์ ผู้สื่อข่าวรายงานว่า การลงนามคำสั่งดังกล่าวของ พล.อ.ประยุทธ์ เป็นการดึงอำนาจปฏิบัติราชการแทน จากนายจุรินทร์ มาให้ พล.อ.ประวิตร แทน จึงทำให้เป็นที่วิพากษ์วิจารณ์ว่าเป็นการยึดอำนาจ นายจุรินทร์ หรือไม่ ด้วยเหตุผลจากปัญหาภายในพรรคพลังประชารัฐในเรื่องความสัมพันธ์ระหว่าง “3ป.” กับ ร.อ.ธรรมนัส The post “บิ๊กตู่” ลงนามให้ “บิ๊กป้อม” คุมหน่วยงาน-กรม ที่ “ธรรมนัส” เคยดูแล จากเดิมที่ “จุรินทร์” ทำหน้าที่ปฏิบัติราชการแทน appeared first on MONO29 TV Official Site.,https://mono29.com/news/344912.html,28_09_2021
ไทยอกหัก!สิงคโปร์รับเป็นเจ้าภาพศึกซูซูกิคัพ 2020,"สหพันธ์ฟุตบอลอาเซียน หรือ เอเอฟเอฟ (AFF) ได้ทำการเลือกประเทศสิงคโปร์ รับหน้าที่เจ้าภาพศึก เอเอฟเอฟ ซูซูกิ คัพ 2020 อย่างเป็นทางการ จัดแข่งขันระหว่างวันที่ 5 ธันวาคม 2564 – 1 มกราคม 2565 ก่อนหน้านี้ เอเอฟเอฟ ได้เชิญประเทศที่ผ่านการพิจารณาขั้นตอน การเสนอตัวเป็นเจ้าภาพจัดการแข่งขันฟุตบอลชิงแชมป์อาเซียน AFF Suzuki Cup 2020 นำเสนอข้อมูลด้านการจัดการแข่งขัน รวมไปถึงมาตรการจัดการแข่งขันภายใต้สถานการณ์การแพร่ระบาดของโควิด-19 โดยมี 2 ตัวเต็งได้แก่ ไทย และสิงคโปร์ ก่อนจะเป็นฝ่ายหลังที่ได้รับหน้าเสื่อไป สำหรับ ไทย อยู่กลุ่ม เอ ร่วมกับ เมียนมา, ฟิลิปปินส์, สิงคโปร์, (บรูไน หรือ ติมอร์เลสเต) The post ไทยอกหัก!สิงคโปร์รับเป็นเจ้าภาพศึกซูซูกิคัพ 2020 appeared first on MONO29 TV Official Site.",https://mono29.com/news/344915.html,28_09_2021
ไทยอกหัก!สิงคโปร์ได้รับเลือกเป็นเจ้าภาพศึกซูซูกิคัพ 2020,"สหพันธ์ฟุตบอลอาเซียน หรือ เอเอฟเอฟ (AFF) ได้ทำการเลือกประเทศสิงคโปร์ รับหน้าที่เจ้าภาพศึก เอเอฟเอฟ ซูซูกิ คัพ 2020 อย่างเป็นทางการ จัดแข่งขันระหว่างวันที่ 5 ธันวาคม 2564 – 1 มกราคม 2565 ก่อนหน้านี้ เอเอฟเอฟ ได้เชิญประเทศที่ผ่านการพิจารณาขั้นตอน การเสนอตัวเป็นเจ้าภาพจัดการแข่งขันฟุตบอลชิงแชมป์อาเซียน AFF Suzuki Cup 2020 นำเสนอข้อมูลด้านการจัดการแข่งขัน รวมไปถึงมาตรการจัดการแข่งขันภายใต้สถานการณ์การแพร่ระบาดของโควิด-19 โดยมี 2 ตัวเต็งได้แก่ ไทย และสิงคโปร์ ก่อนจะเป็นฝ่ายหลังที่ได้รับหน้าเสื่อไป สำหรับ ไทย อยู่กลุ่ม เอ ร่วมกับ เมียนมา, ฟิลิปปินส์, สิงคโปร์, (บรูไน หรือ ติมอร์เลสเต) The post ไทยอกหัก!สิงคโปร์ได้รับเลือกเป็นเจ้าภาพศึกซูซูกิคัพ 2020 appeared first on MONO29 TV Official Site.",https://mono29.com/news/344915.html,28_09_2021
ครม.เคาะภาษีบุหรี่ใหม่ คาดขยับราคาขายปลีก จาก 60 บาท เป็น 72 บาท,แม้ที่ประชุมคณะรัฐมนตรี จะเห็นชอบ โครงสร้างภาษีบุหรี่ใหม่ แต่จะไม่มีการเปิดเผยอัตราการจัดเก็บ จนกว่าจะมีการตราลงราชกิจจานุเบกษา ท่ามกลางรายงานข่าวว่า ยังคงโครงสร้างภาษี 2 อัตรา พร้อมขยับกรอบราคาแนะนำขายปลีก จาก 60 บาท เป็น 72 บาท ขณะที่ ผู้ว่าการยาสูบแห่งประเทศไทย รับสภาพภาษีบุหรี่ใหม่กระทบรายได้องค์กร แต่เป็นห่วงว่าบุหรี่เถื่อนอาจทะลักเข้าประเทศเพิ่มขึ้น ผู้ว่าการการยาสูบแห่งประเทศไทย กล่าวว่า ได้เตรียมแผนตั้งบริษัทลูก พัฒนาผลิตภัณฑ์กัญชงเชิงพาณิชย์ ควบคู่กับ การปรับกลยุทธ์การจำหน่ายยาสูบ หลังเคยได้รับบทเรียนจากการปรับโครงสร้างภาษีบุหรี่ ในปี 2560 ซึ่งสูญเสียส่วนแบ่งการตลาด ให้กับบุหรี่นำเข้าจากต่างประเทศและคาดว่า บุหรี่หนีภาษีจะเพิ่มขึ้นจากการปรับโครงสร้างภาษีใหม่รอบนี้ ถึงร้อยละ 20 รายงานจากทำเนียบรัฐบาล ระบุว่า ที่ประชุมคณะรัฐมนตรี เห็นชอบโครงสร้างภาษีบุหรี่ใหม่แล้ว โดยยังคงอัตราภาษีแบบขั้นบันได 2 อัตรา ตามระดับราคาบุหรี่ แต่ให้กระทรวงการคลัง แถลงข่าวในวันที่ 30 กันยายนนี้ หลังตราลงราชกิจจานุเบกษา โดยกรมสรรพสามิต นำเสนอแนวทางปรับอัตราภาษีบุหรี่ใหม่ เป็น 3 แนวทาง โดยยังคงกรอบเพดานจัดเก็บภาษีสูงสุด ที่ร้อยละ 40 […] The post ครม.เคาะภาษีบุหรี่ใหม่ คาดขยับราคาขายปลีก จาก 60 บาท เป็น 72 บาท appeared first on MONO29 TV Official Site.,https://mono29.com/news/344923.html,28_09_2021
