title,summary,link,published
“แฟรนไชส์” แห่ปิดตัวคืนสิทธิ์ ต้านพิษโควิดไม่ไหว-รายใหม่ชะลอลงทุน,พิษโควิดยังลามไม่หยุด ล็อกดาวน์ทำธุรกิจไม่ต่อเนื่อง เปิ […] อ่านข่าวต้นฉบับ: “แฟรนไชส์” แห่ปิดตัวคืนสิทธิ์ ต้านพิษโควิดไม่ไหว-รายใหม่ชะลอลงทุน,https://www.prachachat.net/marketing/news-782658,2021_10_19
สรุป Apple Event เปิดตัวอะไรบ้าง,สรุปงาน Apple Event ลุยเปิดตัว HomePod Mini 3 สีใหม่ คื […] อ่านข่าวต้นฉบับ: สรุป Apple Event เปิดตัวอะไรบ้าง,https://www.prachachat.net/ict/news-784512,2021_10_19
จับตาวาระ ครม. ต่อสัมปทานรถไฟฟ้าสายสีเขียว เคาะแพ็กเกจอสังหาฯดึงต่างชาติลงทุน,จับตาวาระ ครม. ประยุทธ์ นั่งหัวโต๊ะ ไฟเขียวต่อสัญญาสัมป […] อ่านข่าวต้นฉบับ: จับตาวาระ ครม. ต่อสัมปทานรถไฟฟ้าสายสีเขียว เคาะแพ็กเกจอสังหาฯดึงต่างชาติลงทุน,https://www.prachachat.net/politics/news-784522,2021_10_19
"ศบค.พบผู้ติดเชื้อโควิดวันนี้ (19 ต.ค.)ลดเหลือ 9,122 ราย เสียชีวิต 71 คน","ลดต่ำกว่าหมื่นราย! ศบค.พบผู้ติดเชื้อโควิดรายใหม่วันนี้ […] อ่านข่าวต้นฉบับ: ศบค.พบผู้ติดเชื้อโควิดวันนี้ (19 ต.ค.)ลดเหลือ 9,122 ราย เสียชีวิต 71 คน",https://www.prachachat.net/general/news-784526,2021_10_19
ราคาน้ำมันวันนี้ (19 ต.ค.) เช็กราคาดีเซล-แก๊สโซฮอล์ล่าสุด,ราคาน้ำมันประจำวันนี้ (19 ต.ค.) ตามข้อมูลจาก ปั๊มน้ำมัน […] อ่านข่าวต้นฉบับ: ราคาน้ำมันวันนี้ (19 ต.ค.) เช็กราคาดีเซล-แก๊สโซฮอล์ล่าสุด,https://www.prachachat.net/economy/news-784544,2021_10_19
WTO คาดการค้าโลกปี’64 โต 10.8% จี้สมาชิกลดอุปสรรคคอขวดสินค้าโควิด,WTO คาดการค้าโลกปี 2564 โต 10.8% สะกิดประเทศสมาชิกลดอุป […] อ่านข่าวต้นฉบับ: WTO คาดการค้าโลกปี’64 โต 10.8% จี้สมาชิกลดอุปสรรคคอขวดสินค้าโควิด,https://www.prachachat.net/economy/news-784536,2021_10_19
"ราคาบิตคอยน์วันนี้ (19 ต.ค.) ปรับลง 0.99% อยู่ที่ 61,830.40 เหรียญสหรัฐ","ราคาบิตคอยน์วันนี้ (19 ต.ค.) ปรับลง -.99% ในช่วง 24 ชั่ […] อ่านข่าวต้นฉบับ: ราคาบิตคอยน์วันนี้ (19 ต.ค.) ปรับลง 0.99% อยู่ที่ 61,830.40 เหรียญสหรัฐ",https://www.prachachat.net/finance/news-784539,2021_10_19
แทบทุกภาค รวมกทม.ฝนลดลง ยกเว้นภาคใต้ มีฝนร้อยละ 40 ของพื้นที่,กรมอุตุฯเผยร่องมรสุมพาดผ่านภาคใต้ตอนบน มีกำลังอ่อนลง ส่ […] อ่านข่าวต้นฉบับ: แทบทุกภาค รวมกทม.ฝนลดลง ยกเว้นภาคใต้ มีฝนร้อยละ 40 ของพื้นที่,https://www.prachachat.net/general/news-784546,2021_10_19
ราคาน้ำมันดิบผันผวน ภาคอุตสาหกรรมสหรัฐฯปรับตัวลดลง ชะลอใช้น้ำมัน,ราคาน้ำมันดิบผันผวน จากตัวเลขภาคอุตสาหกรรมสหรัฐฯที่ปรับ […] อ่านข่าวต้นฉบับ: ราคาน้ำมันดิบผันผวน ภาคอุตสาหกรรมสหรัฐฯปรับตัวลดลง ชะลอใช้น้ำมัน,https://www.prachachat.net/finance/news-784554,2021_10_19
บทวิเคราะห์ราคาทองคำวันนี้ (19 ต.ค.) โดย YLG Bullion,บริษัท วายแอลจี บูลเลี่ยน อินเตอร์เนชั่นแนล จำกัด รายงา […] อ่านข่าวต้นฉบับ: บทวิเคราะห์ราคาทองคำวันนี้ (19 ต.ค.) โดย YLG Bullion,https://www.prachachat.net/finance/news-784571,2021_10_19
"ราคาทองวันนี้ (19 ต.ค.) ขยับขึ้น 50 บาท รูปพรรณขายออก 28,500 บาท","ราคาทองคำประจำวันนี้ (19 ต.ค.) ปรับราคาขึ้น 50 บาท เมื่ […] อ่านข่าวต้นฉบับ: ราคาทองวันนี้ (19 ต.ค.) ขยับขึ้น 50 บาท รูปพรรณขายออก 28,500 บาท",https://www.prachachat.net/finance/news-784578,2021_10_19
"หุ้นไทยวันนี้ (19 ต.ค.) เปิดตลาด +2.86 จุด ดัชนีอยู่ที่ 1,647 จุด","ตลาดหุ้นไทยเช้านี้ (19 ต.ค.) ดัชนี SET Index เปิดตลาด อ […] อ่านข่าวต้นฉบับ: หุ้นไทยวันนี้ (19 ต.ค.) เปิดตลาด +2.86 จุด ดัชนีอยู่ที่ 1,647 จุด",https://www.prachachat.net/finance/news-784591,2021_10_19
HENG เข้าเทรดวันแรก 3.20 บาท ราคาเหนือจอง64.10%,HENG หุ้นน้องใหม่สาย เข้าซื้อขายวันแรกในตลาดหลักทรัพย์แ […] อ่านข่าวต้นฉบับ: HENG เข้าเทรดวันแรก 3.20 บาท ราคาเหนือจอง64.10%,https://www.prachachat.net/breaking-news/news-784564,2021_10_19
ค่าเงินบาทวันนี้ (19 ต.ค.) แข็งค่าที่ 33.41 บาท บทวิเคราะห์ล่าสุด,ค่าเงินบาทวันนี้ (19 ต.ค.) เปิดตลาดแข็งค่าที่ 33.41 บาท […] อ่านข่าวต้นฉบับ: ค่าเงินบาทวันนี้ (19 ต.ค.) แข็งค่าที่ 33.41 บาท บทวิเคราะห์ล่าสุด,https://www.prachachat.net/finance/news-784584,2021_10_19
"หุ้นไทยแกว่งตัว 1,635-1,650 จุด ผ่านแนวต้านยาก-รอมาตรการกระตุ้นเศรษฐกิจ","ตลาดหุ้นไทยคาดว่าเช้านี้ SET Index จะแกว่งตัวออกข้างในก […] อ่านข่าวต้นฉบับ: หุ้นไทยแกว่งตัว 1,635-1,650 จุด ผ่านแนวต้านยาก-รอมาตรการกระตุ้นเศรษฐกิจ",https://www.prachachat.net/finance/news-784601,2021_10_19
“สมเกียรติ พงษ์ไพบูลย์” อาการดีขึ้น ส่งตัวมารักษา รพ.กรุงเทพ,พิภพ ธงไชย แกนนำพันธมิตร อัพเดตอาการ “สมเกียรติ พ […] อ่านข่าวต้นฉบับ: “สมเกียรติ พงษ์ไพบูลย์” อาการดีขึ้น ส่งตัวมารักษา รพ.กรุงเทพ,https://www.prachachat.net/politics/news-784552,2021_10_19
คลัสเตอร์งานศพภูทับเบิกลามหนัก ผู้ว่าฯ สั่งปิด 2 หมู่ ห้ามเข้า-ออก,เพชรบูรณ์ ติดเชื้อเพิ่ม 50 คนราย จากคลัสเตอร์งานศพภูทับ […] อ่านข่าวต้นฉบับ: คลัสเตอร์งานศพภูทับเบิกลามหนัก ผู้ว่าฯ สั่งปิด 2 หมู่ ห้ามเข้า-ออก,https://www.prachachat.net/local-economy/news-784581,2021_10_19
กรมบัญชีกลาง อนุมัติผู้ประกอบการ 173 ราย ยื่นข้อเสนอจัดซื้อจัดจ้างหน่วยงานรัฐ,กรมบัญชีกลางอนุมัติผู้ประกอบการรวม 173 ราย ยื่นข้อเสนอจ […] อ่านข่าวต้นฉบับ: กรมบัญชีกลาง อนุมัติผู้ประกอบการ 173 ราย ยื่นข้อเสนอจัดซื้อจัดจ้างหน่วยงานรัฐ,https://www.prachachat.net/finance/news-784597,2021_10_19
ปภ. เตือนภัยพื้นที่ระวังน้ำล้นตลิ่งและน้ำท่วมขัง 19 ต.ค.,กรมป้องกันและบรรเทาสาธารณภัยรายงานพื้นที่เฝ้าระวังน้ำล้ […] อ่านข่าวต้นฉบับ: ปภ. เตือนภัยพื้นที่ระวังน้ำล้นตลิ่งและน้ำท่วมขัง 19 ต.ค.,https://www.prachachat.net/breaking-news/news-784612,2021_10_19
ธปท.-สมาคมแบงก์ แถลงแล้ว! พบตัดเงินผิดปกตินับหมื่นบัญชี,ธปท.-สมาคมธนาคารไทย เปิดเผยความคืบหน้ากรณีตัดเงินผิดปกต […] อ่านข่าวต้นฉบับ: ธปท.-สมาคมแบงก์ แถลงแล้ว! พบตัดเงินผิดปกตินับหมื่นบัญชี,https://www.prachachat.net/finance/news-784617,2021_10_19
เพื่อไทยปั่นข่าว “ชินวัตร” แคนดิเดตนายกฯ “หมอเลี๊ยบ”  เชียร์เศรษฐา,นพ.สุรพงษ์ แกนนำกลุ่มแคร์ เชื่อ คุณหญิงอ้อ พงศ์ – […] อ่านข่าวต้นฉบับ: เพื่อไทยปั่นข่าว “ชินวัตร” แคนดิเดตนายกฯ “หมอเลี๊ยบ” เชียร์เศรษฐา,https://www.prachachat.net/politics/news-784608,2021_10_19
ม.มหิดล-ซีพีเอฟ ร่วมพัฒนาบุคลากรของซีพี เวียดนาม ก้าวสู่องค์กรเป็นเลิศด้านความปลอดภัย อาชีวอนามัย สิ่งแวดล้อม และพลังงาน,มหาวิทยาลัยมหิดล โดย ภาควิชาอาชีวอนามัยและความปลอดภัย ค […] อ่านข่าวต้นฉบับ: ม.มหิดล-ซีพีเอฟ ร่วมพัฒนาบุคลากรของซีพี เวียดนาม ก้าวสู่องค์กรเป็นเลิศด้านความปลอดภัย อาชีวอนามัย สิ่งแวดล้อม และพลังงาน,https://www.prachachat.net/public-relations/news-784621,2021_10_19
Care the Wild รวมพลัง “ปลูก ป้อง ป่าเปลี่ยนโลก”,ปัญหาภาวะโลกร้อนเป็นเรื่องที่ทุกประเทศกำลังเร่งดำเนินกา […] อ่านข่าวต้นฉบับ: Care the Wild รวมพลัง “ปลูก ป้อง ป่าเปลี่ยนโลก”,https://www.prachachat.net/csr-hr/news-782603,2021_10_19
สุพรรณบุรี อ่างเก็บน้ำกระเสียวล้นสปิลเวย์ในรอบ 10 ปี 10 อำเภอน่าห่วง,อ่างเก็บน้ำกระเสียว สุพรรณบุรี ล้นสปิลเวย์ในรอบ 10 ปี ผ […] อ่านข่าวต้นฉบับ: สุพรรณบุรี อ่างเก็บน้ำกระเสียวล้นสปิลเวย์ในรอบ 10 ปี 10 อำเภอน่าห่วง,https://www.prachachat.net/local-economy/news-784634,2021_10_19
ประยุทธ์ ดึงศิลปินไทย-ศิลปินพื้นบ้านจัดคอนเสิร์ตกระตุ้นท่องเที่ยว,ประยุทธ์ ผนึกภาครัฐ-ภาคเอกชนเดินหน้าเปิดรับนักท่องเที่ย […] อ่านข่าวต้นฉบับ: ประยุทธ์ ดึงศิลปินไทย-ศิลปินพื้นบ้านจัดคอนเสิร์ตกระตุ้นท่องเที่ยว,https://www.prachachat.net/politics/news-784632,2021_10_19
โนเบิล อัดโปรแรง “ช่วงเวลาน่าช้อน” กับ 3 คอนโดฯพร้อมอยู่ ใจกลางสุขุมวิท,โนเบิลอัดแคมเปญส่งท้ายปี “ช่วงเวลาน่าช้อน” ส่ง 3 คอนโดม […] อ่านข่าวต้นฉบับ: โนเบิล อัดโปรแรง “ช่วงเวลาน่าช้อน” กับ 3 คอนโดฯพร้อมอยู่ ใจกลางสุขุมวิท,https://www.prachachat.net/public-relations/news-784648,2021_10_19
เปิดลิสต์ ประกันคุ้มครอง “เงินหายจากบัญชี”,เปิดลิสต์ ประกันภัยคุ้มครอง “เงินหายจากบัญชี-โจรก […] อ่านข่าวต้นฉบับ: เปิดลิสต์ ประกันคุ้มครอง “เงินหายจากบัญชี”,https://www.prachachat.net/finance/news-784684,2021_10_19
SCG COVID Free Setting ฟื้นเชื่อมั่น “ช็อปปลอดภัย” เปิดเศรษฐกิจ-เปิดเมือง,1 พฤศจิกายน 2564 รัฐบาลดีเดย์เปิดประเทศ พลิกฟื้นเศรษฐกิ […] อ่านข่าวต้นฉบับ: SCG COVID Free Setting ฟื้นเชื่อมั่น “ช็อปปลอดภัย” เปิดเศรษฐกิจ-เปิดเมือง,https://www.prachachat.net/property/news-782361,2021_10_19
"ทุ่ม 1,800 ล้าน ตั้ง “นิคมฯเอเพ็กซ์กรีน” EEC ดึงเงินลงทุน 64,000 ล้านในอีก 2 ปี","การนิคมฯ ร่วมกับ บริษัท เอเพ็กซ์ ปาร์ค จำกัด จัดตั้งนิค […] อ่านข่าวต้นฉบับ: ทุ่ม 1,800 ล้าน ตั้ง “นิคมฯเอเพ็กซ์กรีน” EEC ดึงเงินลงทุน 64,000 ล้านในอีก 2 ปี",https://www.prachachat.net/economy/news-784694,2021_10_19
PTT Station ลดราคาน้ำมัน 0.20 บาท/ลิตร เว้น E85-ดีเซลพรีเมี่ยม B7 คงเดิม,PTT Station ปรับลดราคาขายปลีกน้ำมันทุกชนิดลง 0.20 บาทต่ […] อ่านข่าวต้นฉบับ: PTT Station ลดราคาน้ำมัน 0.20 บาท/ลิตร เว้น E85-ดีเซลพรีเมี่ยม B7 คงเดิม,https://www.prachachat.net/economy/news-784733,2021_10_19
สะเทือนวงการ เซเว่นฯ เปิดไลฟ์สดขายไม้ด่างออนไลน์,ปรากฏการณ์ไม้ด่างฮิตติดลมบน “เซเว่น-อีเลฟเว่น” โดดแจมปร […] อ่านข่าวต้นฉบับ: สะเทือนวงการ เซเว่นฯ เปิดไลฟ์สดขายไม้ด่างออนไลน์,https://www.prachachat.net/marketing/news-784740,2021_10_19
ซื้อ “บ้าน” ให้ “ทำเงิน” ปล่อยเช่าถ่ายหนัง-ละคร,การใช้บ้านเป็นสถานที่ถ่ายทำรายการโทรทัศน์หรือภาพยนตร์ ส […] อ่านข่าวต้นฉบับ: ซื้อ “บ้าน” ให้ “ทำเงิน” ปล่อยเช่าถ่ายหนัง-ละคร,https://www.prachachat.net/breaking-news/news-783934,2021_10_19
ทีเส็บ เดินหน้าปลดล็อกมาตรการจัดประชุม งานแสดงสินค้า โค้งท้ายปลายปีนี้,“ทีเส็บ” เผย ศบค. เห็นชอบมาตรการผ่อนปรนการจัดประชุม สัม […] อ่านข่าวต้นฉบับ: ทีเส็บ เดินหน้าปลดล็อกมาตรการจัดประชุม งานแสดงสินค้า โค้งท้ายปลายปีนี้,https://www.prachachat.net/breaking-news/news-784725,2021_10_19
ผู้ว่าฯ ยะลาสั่งทุกธนาคาร ราชการ รัฐวิสาหกิจ ไม่ให้บริการผู้ไม่ฉีดวัคซีน,ผู้ว่าฯ ยะลา ประกาศคำสั่ง หน่วยงานราชการ-รัฐวิสาหกิจ-อป […] อ่านข่าวต้นฉบับ: ผู้ว่าฯ ยะลาสั่งทุกธนาคาร ราชการ รัฐวิสาหกิจ ไม่ให้บริการผู้ไม่ฉีดวัคซีน,https://www.prachachat.net/local-economy/news-784753,2021_10_19
หุ้นไทยวันนี้ (19 ต.ค.) ปิดตลาดภาคเช้า-13 จุด ซื้อขายทะลัก 6.2 หมื่นล้าน,หุ้นไทยวันนี้ (19 ต.ค.) ปิดตลาดภาคเช้า -13.66 จุด ดัชนี […] อ่านข่าวต้นฉบับ: หุ้นไทยวันนี้ (19 ต.ค.) ปิดตลาดภาคเช้า-13 จุด ซื้อขายทะลัก 6.2 หมื่นล้าน,https://www.prachachat.net/finance/news-784713,2021_10_19
ตรวจภูมิคุ้มกันหลังฉีดวัคซีนโควิด จำเป็นหรือไม่ ? หมอภูมิแพ้มีคำแนะนำ,ตรวจภูมิคุ้มกันหลังฉีดวัคซีนโควิด-19 จำเป็นแค่ไหน มีอาก […] อ่านข่าวต้นฉบับ: ตรวจภูมิคุ้มกันหลังฉีดวัคซีนโควิด จำเป็นหรือไม่ ? หมอภูมิแพ้มีคำแนะนำ,https://www.prachachat.net/spinoff/health/news-784813,2021_10_19
ต้นสังกัด “คิมซอนโฮ” แจง หลังถูกโยงบังคับแฟนเก่าทำแท้ง,Salt Entertainment ต้นสังกัด “คิมซอนโฮ” พระ […] อ่านข่าวต้นฉบับ: ต้นสังกัด “คิมซอนโฮ” แจง หลังถูกโยงบังคับแฟนเก่าทำแท้ง,https://www.prachachat.net/social-media-viral/news-784760,2021_10_19
เมียนมา ปล่อยตัวนักโทษการเมือง หลังอาเซียนไม่ต้อนรับ “มิน อ่อง ลาย”,รัฐบาลทหารเมียนมา ได้ปล่อยนักโทษทางการเมืองหลายร้อยคนที […] อ่านข่าวต้นฉบับ: เมียนมา ปล่อยตัวนักโทษการเมือง หลังอาเซียนไม่ต้อนรับ “มิน อ่อง ลาย”,https://www.prachachat.net/world-news/news-784836,2021_10_19
ธ.ก.ส. จับมือไปรษณีย์ไทย เพิ่มช่องทางการตลาดช่วยเกษตรกร เริ่ม 1-30 พ.ย.นี้,ธ.ก.ส. จับมือไปรษณีย์ไทย ขยายช่องทางการตลาดทั้งออนไลน์ […] อ่านข่าวต้นฉบับ: ธ.ก.ส. จับมือไปรษณีย์ไทย เพิ่มช่องทางการตลาดช่วยเกษตรกร เริ่ม 1-30 พ.ย.นี้,https://www.prachachat.net/finance/news-784840,2021_10_19
บางจาก-ปตท. ลดราคาน้ำมัน 20 สตางค์ มีผล 05.00 น. 20 ต.ค.,เพิ่งประกาศขึ้นราคาไม่กี่วัน บางจาก-ปตท. ประกาศปรับลดรา […] อ่านข่าวต้นฉบับ: บางจาก-ปตท. ลดราคาน้ำมัน 20 สตางค์ มีผล 05.00 น. 20 ต.ค.,https://www.prachachat.net/breaking-news/news-784839,2021_10_19
กึ้ง เฉลิมชัย ซีอีโอ TTA ส่งบริษัทลูกซื้อหุ้น SKOOTAR สัดส่วน 60%,กึ้ง-เฉลิมชัย มหากิจศิริ ซีอีโอ โทรีเซนไทย เอเยนต์ซีส์ […] อ่านข่าวต้นฉบับ: กึ้ง เฉลิมชัย ซีอีโอ TTA ส่งบริษัทลูกซื้อหุ้น SKOOTAR สัดส่วน 60%,https://www.prachachat.net/breaking-news/news-784850,2021_10_19
เช็กที่นี่!! มาตรการจัดประชุม แสดงสินค้า อีเวนต์ งานเทศกาลปลายปี,ศบค.มีมติเห็นชอบตามข้อเสนอของทีเส็บที่ดำเนินการร่วมกับก […] อ่านข่าวต้นฉบับ: เช็กที่นี่!! มาตรการจัดประชุม แสดงสินค้า อีเวนต์ งานเทศกาลปลายปี,https://www.prachachat.net/tourism/news-784843,2021_10_19
ธอส. จัดสินเชื่อ “บ้านล้านหลัง” 1 พันล้าน ให้เคเอชเอชพีสร้างคอนโดราคา 1.2 ล้าน,ธนาคารอาคารสงเคราะห์ (ธอส.) เตรียมวงเงินสนับสนุนสินเชื่ […] อ่านข่าวต้นฉบับ: ธอส. จัดสินเชื่อ “บ้านล้านหลัง” 1 พันล้าน ให้เคเอชเอชพีสร้างคอนโดราคา 1.2 ล้าน,https://www.prachachat.net/finance/news-784866,2021_10_19
ด่วน! มหาดไทยถอนต่อสัญญารถไฟฟ้าสายสีเขียว,บีทีเอส ต้องรอเก้ออีกรอบ หลังกระทรวงมหาดไทยขอถอนต่อสัมป […] อ่านข่าวต้นฉบับ: ด่วน! มหาดไทยถอนต่อสัญญารถไฟฟ้าสายสีเขียว,https://www.prachachat.net/property/news-784873,2021_10_19
MRT พาน้องติวทะลุจอ พิชิต TCAS ปีที่ 13,บริษัท ทางด่วนและรถไฟฟ้ากรุงเทพ จำกัด (มหาชน) (BEM) ร่ว […] อ่านข่าวต้นฉบับ: MRT พาน้องติวทะลุจอ พิชิต TCAS ปีที่ 13,https://www.prachachat.net/public-relations/news-784887,2021_10_19
กรมชลประทาน ยันแผ่นดินไหวที่ อ.แม่ลาว จ.เชียงราย ไม่กระทบเขื่อน,กรมชลประทาน เร่งตรวจสอบความมั่นคงของเขื่อนในพื้นที่จังห […] อ่านข่าวต้นฉบับ: กรมชลประทาน ยันแผ่นดินไหวที่ อ.แม่ลาว จ.เชียงราย ไม่กระทบเขื่อน,https://www.prachachat.net/economy/news-784876,2021_10_19
มูลนิธิรอยัลแบงค์คอกซิมโฟนีออร์เคสตร้าฯ เปิดบ้านหลังใหม่วง RBSO ณ ตึก AUA ราชดำริ,มูลนิธิรอยัลแบงค์คอกซิมโฟนีออร์เคสตร้าฯ เปิดบ้านหลังใหม […] อ่านข่าวต้นฉบับ: มูลนิธิรอยัลแบงค์คอกซิมโฟนีออร์เคสตร้าฯ เปิดบ้านหลังใหม่วง RBSO ณ ตึก AUA ราชดำริ,https://www.prachachat.net/public-relations/news-784899,2021_10_19
IMH จ่อเทคโอเวอร์โรงพยาบาลเสริมแกร่ง รพ.ประชาพัฒน์ เข้าตลาดฯปี65,IMH เปิดเกมรุกธุรกิจสุขภาพ จ่อเทคโอเวอร์โรงพยาบาล 1-2 แ […] อ่านข่าวต้นฉบับ: IMH จ่อเทคโอเวอร์โรงพยาบาลเสริมแกร่ง รพ.ประชาพัฒน์ เข้าตลาดฯปี65,https://www.prachachat.net/marketing/news-784904,2021_10_19
Bubble & Seal “COVID Free” เริ่มต้นในโรงงาน,เส้นทางจาก bubble & seal สู่ COVID free setting คู่ […] อ่านข่าวต้นฉบับ: Bubble & Seal “COVID Free” เริ่มต้นในโรงงาน,https://www.prachachat.net/property/news-782400,2021_10_19
ก.ล.ต. เฮียริ่ง ปรับเกณฑ์ลงทุน “กองทุนรวม” ภายใต้ บลจ. เดียวกัน,ก.ล.ต. เปิดรับฟังความเห็นถึง 18 พ.ย. 64 ปรับปรุงหลักเกณ […] อ่านข่าวต้นฉบับ: ก.ล.ต. เฮียริ่ง ปรับเกณฑ์ลงทุน “กองทุนรวม” ภายใต้ บลจ. เดียวกัน,https://www.prachachat.net/breaking-news/news-784925,2021_10_19
9 ประเทศอาเซียน บรรลุความร่วมมือ “ประกันภัยรถภาคบังคับผ่านแดน”,9 ประเทศอาเซียน ลงนามความร่วมมือ “ประกันภัยรถภาคบ […] อ่านข่าวต้นฉบับ: 9 ประเทศอาเซียน บรรลุความร่วมมือ “ประกันภัยรถภาคบังคับผ่านแดน”,https://www.prachachat.net/finance/news-784921,2021_10_19
"ครม.เคาะ คนละครึ่งเฟส 3 จ่ายอีก 1,500 บาท เริ่มโอน พ.ย.","ครม. เคาะเพิ่มเงินโครงการ “คนละครึ่ง เฟส 3” […] อ่านข่าวต้นฉบับ: ครม.เคาะ คนละครึ่งเฟส 3 จ่ายอีก 1,500 บาท เริ่มโอน พ.ย.",https://www.prachachat.net/breaking-news/news-784885,2021_10_19
ศบค.เผยท็อป10 จว.ป่วยโควิดสูงสุด ปัตตานี พุ่งติดอันดับ 2 รองจากกทม.,ศบค. เผยยอดผู้ติดเชื้อโควิดรายใหม่ภาคใต้ยังไม่ลด สัดส่ว […] อ่านข่าวต้นฉบับ: ศบค.เผยท็อป10 จว.ป่วยโควิดสูงสุด ปัตตานี พุ่งติดอันดับ 2 รองจากกทม.,https://www.prachachat.net/general/news-784820,2021_10_19
เปิดรายชื่อ 10 จังหวัด ที่ได้รับการฉีดวัคซีนเข็ม 1 น้อยที่สุด อีสานแชมป์,อีสานครองแชมป์ 10 จังหวัดที่ฉีดวัคซีนโควิด-19 น้อยสุด ต […] อ่านข่าวต้นฉบับ: เปิดรายชื่อ 10 จังหวัด ที่ได้รับการฉีดวัคซีนเข็ม 1 น้อยที่สุด อีสานแชมป์,https://www.prachachat.net/marketing/news-784940,2021_10_19
ราชวิทยาลัยจุฬาภรณ์ สานพลังการแบ่งปันมิติใหม่ นำทัพนักแสดง ร่วม Digital Art แฟชั่นโชว์การกุศล,ราชวิทยาลัยจุฬาภรณ์ สานพลังการแบ่งปันมิติใหม่ นำทัพนักแ […] อ่านข่าวต้นฉบับ: ราชวิทยาลัยจุฬาภรณ์ สานพลังการแบ่งปันมิติใหม่ นำทัพนักแสดง ร่วม Digital Art แฟชั่นโชว์การกุศล,https://www.prachachat.net/public-relations/news-784942,2021_10_19
รพ.พระรามเก้า เปิดตัวยารักษาโควิดแอนติบอดี ค็อกเทล,รพ.พระรามเก้า เปิดตัว แอนติบอดี ค็อกเทล พลิกแนวทางการรั […] อ่านข่าวต้นฉบับ: รพ.พระรามเก้า เปิดตัวยารักษาโควิดแอนติบอดี ค็อกเทล,https://www.prachachat.net/marketing/news-784957,2021_10_19
“ทีพีเอ็น โกลบอล” ลุย 3 ธุรกิจใหม่ตั้งเป้าโต 3 เท่าใน 1 ปี,ทีพีเอ็น โกลบอล ต่อยอดธุรกิจเวทีประกวด Miss Universe Th […] อ่านข่าวต้นฉบับ: “ทีพีเอ็น โกลบอล” ลุย 3 ธุรกิจใหม่ตั้งเป้าโต 3 เท่าใน 1 ปี,https://www.prachachat.net/marketing/news-784944,2021_10_19
รพ.ปิยะเวท-บางปะกอก 9 เปิดจองซิโนฟาร์ม รอบที่ 4 สำหรับบุคคลทั่วไป 21 ต.ค.นี้,การจองนี้สำหรับชาวไทยและต่างชาติที่ยังไม่เคยฉีดวัคซีนเท […] อ่านข่าวต้นฉบับ: รพ.ปิยะเวท-บางปะกอก 9 เปิดจองซิโนฟาร์ม รอบที่ 4 สำหรับบุคคลทั่วไป 21 ต.ค.นี้,https://www.prachachat.net/marketing/news-784988,2021_10_19
FPT ปักหมุดหัวมุมสีลม-พระราม 4 ผุด “สีลมเอจ” ปั้นสังคมแซนด์บ็อกซ์แห่งใหม่,เฟรเซอร์ส พร็อพเพอร์ตี้ (ประเทศไทย) เดินหน้ารุกตลาดมิกซ […] อ่านข่าวต้นฉบับ: FPT ปักหมุดหัวมุมสีลม-พระราม 4 ผุด “สีลมเอจ” ปั้นสังคมแซนด์บ็อกซ์แห่งใหม่,https://www.prachachat.net/property/news-784961,2021_10_19
ครม. เคาะวงเงิน 5.4 หมื่นล้าน เติมเงินบัตรคนจน-คนละครึ่ง เฟส 3,"ครม. อนุมัติวงเงิน 54,600 บาท เติมเงิน 4 โครงการรัฐ  […] อ่านข่าวต้นฉบับ: ครม. เคาะวงเงิน 5.4 หมื่นล้าน เติมเงินบัตรคนจน-คนละครึ่ง เฟส 3",https://www.prachachat.net/breaking-news/news-784995,2021_10_19
NT CSR เปิดโอกาสการศึกษายุค New Normal มอบ SIM NT Mobile ในโครงการเพาะพันธุ์ดี NT YOUTH CLUB,NT CSR เปิดโอกาสการศึกษายุค New Normal มอบ SIM NT Mobil […] อ่านข่าวต้นฉบับ: NT CSR เปิดโอกาสการศึกษายุค New Normal มอบ SIM NT Mobile ในโครงการเพาะพันธุ์ดี NT YOUTH CLUB,https://www.prachachat.net/public-relations/news-785007,2021_10_19
มวลน้ำทะลัก 4 จังหวัดอีสานกว่า 3 แสนไร่ “โคราช” อ่วมสุด,GISTDA เปิดข้อมูลดาวเทียม พบ มวลน้ำทะลัก 4 จังหวัดภาคอี […] อ่านข่าวต้นฉบับ: มวลน้ำทะลัก 4 จังหวัดอีสานกว่า 3 แสนไร่ “โคราช” อ่วมสุด,https://www.prachachat.net/economy/news-785000,2021_10_19
หมอธีระวัฒน์ แจงยิบ ภูมิคุ้มกันเชื้อไวรัสโควิด 3 ชนิด ทำงานอย่างไร,หมอธีระวัฒน์ แจงยิบ ภูมิคุ้มกันทำงานกับเชื้อโควิด-19 อย […] อ่านข่าวต้นฉบับ: หมอธีระวัฒน์ แจงยิบ ภูมิคุ้มกันเชื้อไวรัสโควิด 3 ชนิด ทำงานอย่างไร,https://www.prachachat.net/spinoff/health/news-784965,2021_10_19
ครม. เคาะวงเงิน 5.4 หมื่นล้าน เติมเงินบัตรคนจน-คนละครึ่ง เฟส 3,"ครม. อนุมัติงบเงินกู้ให้กระทรวงคลังรวม 54,506 ล้านบาท ช […] อ่านข่าวต้นฉบับ: ครม. เคาะวงเงิน 5.4 หมื่นล้าน เติมเงินบัตรคนจน-คนละครึ่ง เฟส 3",https://www.prachachat.net/finance/news-784995,2021_10_19
ทรูผนึก Nonvoice สตาร์ตอัพจากอเมริกา เปิดตัวเกม AR มัดใจคอเกมเมอร์,ทรู 5G ผนึก Nonvoice สตาร์ตอัพจากอเมริกา พัฒนาเกม AR เส […] อ่านข่าวต้นฉบับ: ทรูผนึก Nonvoice สตาร์ตอัพจากอเมริกา เปิดตัวเกม AR มัดใจคอเกมเมอร์,https://www.prachachat.net/ict/news-785031,2021_10_19
ลุ่มน้ำเจ้าพระยา-ท่าจีน น้ำเพิ่มสูงขึ้น ช่วง 20-30 ต.ค. นี้,ฝนตกหนักอีกระลอก เฝ้าระวังปริมาณน้ำบริเวณลุ่มน้ำปิง เจ้ […] อ่านข่าวต้นฉบับ: ลุ่มน้ำเจ้าพระยา-ท่าจีน น้ำเพิ่มสูงขึ้น ช่วง 20-30 ต.ค. นี้,https://www.prachachat.net/economy/news-785022,2021_10_19
ครม.สัญจร หลังคลายล็อก ประยุทธ์นำทีม ลงกระบี่ 8-9 พ.ย.,นายกฯ ลุยน้ำท่วม มอบถุงยังชีพให้ชาวสิงห์บุรีพรุ่งนี้ สั […] อ่านข่าวต้นฉบับ: ครม.สัญจร หลังคลายล็อก ประยุทธ์นำทีม ลงกระบี่ 8-9 พ.ย.,https://www.prachachat.net/politics/news-785061,2021_10_19
TPN Global ผู้จัด MUT คว้าสิขสิทธิ์จัดประกวด “นางสาวไทย”,“TPN Global” ผู้ถือลิขสิทธิ์จัดการประกวด Mi […] อ่านข่าวต้นฉบับ: TPN Global ผู้จัด MUT คว้าสิขสิทธิ์จัดประกวด “นางสาวไทย”,https://www.prachachat.net/spinoff/entertainment/news-784951,2021_10_19
พลิกองค์กรด้วยนวัตกรรม พูดง่ายทำยาก แต่ Wildcats ช่วยได้ ด้วยพลังของคน “GenWild”,ในยุคที่ใคร ๆ ก็บอกว่าแบรนด์ต้องสร้างนวัตกรรม แต่การสร้ […] อ่านข่าวต้นฉบับ: พลิกองค์กรด้วยนวัตกรรม พูดง่ายทำยาก แต่ Wildcats ช่วยได้ ด้วยพลังของคน “GenWild”,https://www.prachachat.net/public-relations/news-785092,2021_10_19
ครม. เคาะแพคเกจดึงต่างชาติลงทุน กระตุ้นเศรษฐกิจ 3 แสนล้าน,ครม. ไฟเขียวมาตรการกระตุ้นอสังหาริมทรัพย์ Flexible Plus […] อ่านข่าวต้นฉบับ: ครม. เคาะแพคเกจดึงต่างชาติลงทุน กระตุ้นเศรษฐกิจ 3 แสนล้าน,https://www.prachachat.net/property/news-785055,2021_10_19
ประยุทธ์ เคลียร์ “อนุทิน” แล้ว ปมตั้ง ศบค.ส่วนหน้าชายแดนใต้,ประยุทธ์ แจงปมตั้ง ณัฐพล นาคพาณิชย์ เป็น ผอ.ศบค.ส่วนหน้ […] อ่านข่าวต้นฉบับ: ประยุทธ์ เคลียร์ “อนุทิน” แล้ว ปมตั้ง ศบค.ส่วนหน้าชายแดนใต้,https://www.prachachat.net/politics/news-785070,2021_10_19
หมอธีระ แนะผู้สูงอายุ-ลูกหลาน อย่าประมาทหลังเปิดประเทศ,หมอธีระ ชี้หลังเปิดประเทศ ผู้สูงอายุอย่าประมาทเพราะติดเ […] อ่านข่าวต้นฉบับ: หมอธีระ แนะผู้สูงอายุ-ลูกหลาน อย่าประมาทหลังเปิดประเทศ,https://www.prachachat.net/general/news-785028,2021_10_19
“วิษณุ” เผย คมนาคม ทักท้วงต่อสัมปทานบีทีเอสสายสีเขียว,คมนาคม ทักท้วงสัมปทานบีทีเอสสายสีเขียว ทำให้ มท. ถอนวาร […] อ่านข่าวต้นฉบับ: “วิษณุ” เผย คมนาคม ทักท้วงต่อสัมปทานบีทีเอสสายสีเขียว,https://www.prachachat.net/politics/news-785116,2021_10_19
เช็กที่นี่! วิธีได้เงินชดเชย 30-60 เท่า กรณีถูกเลิกจ้างเพราะโควิด-น้ำท่วม,กระทรวงแรงงานบรรเทาความเดือดร้อนลูกจ้างที่ถูกเลิกจ้างจา […] อ่านข่าวต้นฉบับ: เช็กที่นี่! วิธีได้เงินชดเชย 30-60 เท่า กรณีถูกเลิกจ้างเพราะโควิด-น้ำท่วม,https://www.prachachat.net/csr-hr/news-784945,2021_10_19
Long COVID กับอาการทางระบบประสาทและสมอง,Post-acute COVID syndrome หรือที่เรียกติดปากว่า ลองโควิ […] อ่านข่าวต้นฉบับ: Long COVID กับอาการทางระบบประสาทและสมอง,https://www.prachachat.net/public-relations/news-785109,2021_10_19
ครม.ไฟเขียวยืดเวลา “เอเชีย เอรา วัน” จ่ายค่าสิทธิร่วมลงทุนแอร์พอร์ต เรลลิงก์,ครม. ไฟเขียว แก้ไขสัญญา บริษัท เอเชีย เอรา วัน จำกัด ขย […] อ่านข่าวต้นฉบับ: ครม.ไฟเขียวยืดเวลา “เอเชีย เอรา วัน” จ่ายค่าสิทธิร่วมลงทุนแอร์พอร์ต เรลลิงก์,https://www.prachachat.net/property/news-785098,2021_10_19
กองทรัสต์ WHART เพิ่มทุน 3 โครงการ 5.55 พันล้าน ดันสินทรัพย์ปีนี้โตแตะ 4.8 หมื่นล้าน,กองทรัสต์ WHART เตรียมเพิ่มทุนครั้งที่ 6 ลงทุนเพิ่ม 3 โ […] อ่านข่าวต้นฉบับ: กองทรัสต์ WHART เพิ่มทุน 3 โครงการ 5.55 พันล้าน ดันสินทรัพย์ปีนี้โตแตะ 4.8 หมื่นล้าน,https://www.prachachat.net/finance/news-785069,2021_10_19
Young Blood “ชูรัชฏ์ ชาครกุล” ภารกิจปั้น National Property Company 35 ขวบปี ลลิล พร็อพเพอร์ตี้,สัมภาษณ์พิเศษ ปนัดดา ฤทธิมัต เรื่องดี ๆ ในสถานการณ์โควิ […] อ่านข่าวต้นฉบับ: Young Blood “ชูรัชฏ์ ชาครกุล” ภารกิจปั้น National Property Company 35 ขวบปี ลลิล พร็อพเพอร์ตี้,https://www.prachachat.net/property/news-782393,2021_10_19
ครม. ไฟเขียว ตั้งนิคมอุตฯ ราชทัณฑ์ นำร่อง 4 เรือนจำต้นแบบ,ครม. รับทราบผลการศึกษา การจัดตั้งนิคมอุตสาหกรรมราชทัณฑ์ […] อ่านข่าวต้นฉบับ: ครม. ไฟเขียว ตั้งนิคมอุตฯ ราชทัณฑ์ นำร่อง 4 เรือนจำต้นแบบ,https://www.prachachat.net/politics/news-785091,2021_10_19
“กรมส่งเสริมการค้าระหว่างประเทศ” จัดกิจกรรมกระตุ้นชาวฮ่องกงซื้ออสังหาริมทรัพย์ไทย,“กรมส่งเสริมการค้าระหว่างประเทศ” จัดกิจกรรมประชาสัมพันธ […] อ่านข่าวต้นฉบับ: “กรมส่งเสริมการค้าระหว่างประเทศ” จัดกิจกรรมกระตุ้นชาวฮ่องกงซื้ออสังหาริมทรัพย์ไทย,https://www.prachachat.net/public-relations/news-785123,2021_10_19
ครม. เคาะมาตรการช่วยเหลืออสังหาฯ Flexible Plus Program,ครม. อนุมัติมาตรการช่วยเหลืออสังหาริมทรัพย์ ภายใต้เงื่อ […] อ่านข่าวต้นฉบับ: ครม. เคาะมาตรการช่วยเหลืออสังหาฯ Flexible Plus Program,https://www.prachachat.net/politics/news-785072,2021_10_19
ศักดิ์สยาม สั่งคมนาคมทุกโหมดเดินทางพร้อมเปิดประเทศ 1 พ.ย. 64 และ 1 ม.ค. 65,“ศักดิ์สยาม” สั่งทุกโหมดการเดินทาง “บ […] อ่านข่าวต้นฉบับ: ศักดิ์สยาม สั่งคมนาคมทุกโหมดเดินทางพร้อมเปิดประเทศ 1 พ.ย. 64 และ 1 ม.ค. 65,https://www.prachachat.net/property/news-785161,2021_10_19
"ลงทะเบียนคนละครึ่ง เฟส 3 รอบใหม่ ได้เงินรวดเดียว 4,500 บาท","โครงการคนละครึ่ง เฟส 3 โอนเงินเพิ่ม 1,500 บาท คนลงทะเบี […] อ่านข่าวต้นฉบับ: ลงทะเบียนคนละครึ่ง เฟส 3 รอบใหม่ ได้เงินรวดเดียว 4,500 บาท",https://www.prachachat.net/finance/news-784989,2021_10_19
การท่องเที่ยวและกีฬา จับมือกกท.-ภูเก็ต จัดแข่งกอล์ฟ กระตุ้นเศรษฐกิจ,กระทรวงการท่องเที่ยวและกีฬา ร่วมกับ กกท. สนับสนุนจัด “เ […] อ่านข่าวต้นฉบับ: การท่องเที่ยวและกีฬา จับมือกกท.-ภูเก็ต จัดแข่งกอล์ฟ กระตุ้นเศรษฐกิจ,https://www.prachachat.net/spinoff/sport/news-785119,2021_10_19
"JP เคาะราคาหุ้นไอพีโอ 7 บาท จองซื้อ 21, 25 – 26 ต.ค. คาดเทรด Mai 2 พ.ย.นี้","บมจ.โรงงานเภสัชอุตสาหกรรม เจเอสพี (ประเทศไทย) หรือ JP […] อ่านข่าวต้นฉบับ: JP เคาะราคาหุ้นไอพีโอ 7 บาท จองซื้อ 21, 25 – 26 ต.ค. คาดเทรด Mai 2 พ.ย.นี้",https://www.prachachat.net/finance/news-785156,2021_10_19
"TPIPP เปิดจองซื้อหุ้นกู้ 9-11 พ.ย. มูลค่า 5,000 ล้าน ดอกเบี้ย 3.55% ต่อปี","บมจ.ทีพีไอ โพลีน เพาเวอร์ เสนอขายหุ้นกู้ นักลงทุนทั่วไป […] อ่านข่าวต้นฉบับ: TPIPP เปิดจองซื้อหุ้นกู้ 9-11 พ.ย. มูลค่า 5,000 ล้าน ดอกเบี้ย 3.55% ต่อปี",https://www.prachachat.net/finance/news-785163,2021_10_19
โม ซาล่าห์,คุยกับเอกราช เอกราช เก่งทุกทาง โม ซาล่าห์ ดาวยิง […] อ่านข่าวต้นฉบับ: โม ซาล่าห์,https://www.prachachat.net/guru-sport/football/news-783125,2021_10_19
ปัตตานี เปิดฉีดวัคซีนไฟเซอร์ตั้งแต่อายุ 12 ปีขึ้นไป 18-22 ต.ค.,ปัตตานี เปิดฉีดวัคซีนไฟเซอร์ประชาชนทั่วไป อายุ 12 ปีขึ้ […] อ่านข่าวต้นฉบับ: ปัตตานี เปิดฉีดวัคซีนไฟเซอร์ตั้งแต่อายุ 12 ปีขึ้นไป 18-22 ต.ค.,https://www.prachachat.net/marketing/news-785186,2021_10_19
ประยุทธ์ ลั่นไม่จำเป็นต้องเคลียร์ใจ “ธรรมนัส” เมิน “ทักษิณ” ไหว้ให้ลาออก,เป็นนายกฯ ไม่ต้องเคลียร์ใจกับใคร เมิน “ทักษิณ” ขอให้ลาอ […] อ่านข่าวต้นฉบับ: ประยุทธ์ ลั่นไม่จำเป็นต้องเคลียร์ใจ “ธรรมนัส” เมิน “ทักษิณ” ไหว้ให้ลาออก,https://www.prachachat.net/politics/news-785181,2021_10_19
ไทย-สหรัฐฯ ลุยจัด “คอบร้าโกลด์ 2022” ปรับแผนฝึก 3 ระดับ,ไทย-สหรัฐฯ เดินหน้า “คอบร้าโกลด์ 2022” กพ.- […] อ่านข่าวต้นฉบับ: ไทย-สหรัฐฯ ลุยจัด “คอบร้าโกลด์ 2022” ปรับแผนฝึก 3 ระดับ,https://www.prachachat.net/politics/news-785199,2021_10_19
ผู้ค้าลอตเตอรี่ ร้องคลัง! เปิดอุทธรณ์ หลังถูกตัดสิทธ์ซื้อ-จองโควตาหวย,ผู้ค้าลอตเตอรี่รายย่อย ร้องคลัง! เปิดอุทธรณ์ หลังถูกตัด […] อ่านข่าวต้นฉบับ: ผู้ค้าลอตเตอรี่ ร้องคลัง! เปิดอุทธรณ์ หลังถูกตัดสิทธ์ซื้อ-จองโควตาหวย,https://www.prachachat.net/finance/news-785204,2021_10_19
วัคซีนเศรษฐกิจช่วยสร้างภูมิคุ้มกัน ต้านไม่ให้คนจนพุ่งขึ้นเป็น 11 ล้านคน,คอลัมน์ : เช้านี้ที่ซอยอารีย์ พงศ์นคร โภชากรณ์ (pongnak […] อ่านข่าวต้นฉบับ: วัคซีนเศรษฐกิจช่วยสร้างภูมิคุ้มกัน ต้านไม่ให้คนจนพุ่งขึ้นเป็น 11 ล้านคน,https://www.prachachat.net/breaking-news/news-785150,2021_10_19
"หุ้นไทยปิดตลาดวันนี้ (19 ต.ค.) -13.53 จุด ดัชนีอยู่ที่ 1,630 จุด","สรุปการซื้อขายหุ้นไทยวันนี้ (19 ต.ค.) ดัชนี SET Index ป […] อ่านข่าวต้นฉบับ: หุ้นไทยปิดตลาดวันนี้ (19 ต.ค.) -13.53 จุด ดัชนีอยู่ที่ 1,630 จุด",https://www.prachachat.net/finance/news-785264,2021_10_19
คมนาคม เคาะมาตรการอุ้มแอร์ไลน์ เพิ่มเติม ไตรมาส 4 รับเปิดประเทศ,“ศักดิ์สยาม” นั่งหัวโต๊ะบอร์ดการบินพลเรือน […] อ่านข่าวต้นฉบับ: คมนาคม เคาะมาตรการอุ้มแอร์ไลน์ เพิ่มเติม ไตรมาส 4 รับเปิดประเทศ,https://www.prachachat.net/property/news-785235,2021_10_19
“กบอกหนามน่าน” กบสายพันธุ์ใหม่ ค้นพบในเขตอุทยานฯดอยภูคา,ค้นพบกบสายพันธุ์ใหม่ กบอกหนามน่าน ในพื้นที่เขตอุทยานแห่ […] อ่านข่าวต้นฉบับ: “กบอกหนามน่าน” กบสายพันธุ์ใหม่ ค้นพบในเขตอุทยานฯดอยภูคา,https://www.prachachat.net/general/news-785219,2021_10_19
เชฟแคร์ส เจาะตลาดอาหารสุขภาพพร้อมรับประทานกลุ่มพรีเมี่ยม เปิดตัวเมนูใหม่ “ฟูซิลี่ผัดขี้เมาไก่” ฝีมือ “เจ๊ไฝ” เชฟสตรีทฟู้ดมิชลิน,นางมาริษา เจียรวนนท์ ผู้ก่อตั้งมูลนิธิเชฟแคร์ส และประธา […] อ่านข่าวต้นฉบับ: เชฟแคร์ส เจาะตลาดอาหารสุขภาพพร้อมรับประทานกลุ่มพรีเมี่ยม เปิดตัวเมนูใหม่ “ฟูซิลี่ผัดขี้เมาไก่” ฝีมือ “เจ๊ไฝ” เชฟสตรีทฟู้ดมิชลิน,https://www.prachachat.net/public-relations/news-785282,2021_10_19
พรรคกล้า ลุยสงขลา ยึดหัวเมืองเศรษฐกิจภาคใต้ เตรียมพร้อมสู้ศึกเลือกตั้ง,“กรณ์” นำพรรคกล้าลุยสงขลา ยึดหัวหาด “เมืองเศรษฐกิจ” ภาค […] อ่านข่าวต้นฉบับ: พรรคกล้า ลุยสงขลา ยึดหัวเมืองเศรษฐกิจภาคใต้ เตรียมพร้อมสู้ศึกเลือกตั้ง,https://www.prachachat.net/politics/news-785247,2021_10_19
เด็กอังกฤษ ยอดติดเชื้อโควิด-19 พุ่งกระฉูด หลังฉีดวัคซีนล่าช้า,ยอดผู้ติดเชื้อโควิด-19 พุ่งในประชากรกลุ่มเด็กที่อังกฤษ […] อ่านข่าวต้นฉบับ: เด็กอังกฤษ ยอดติดเชื้อโควิด-19 พุ่งกระฉูด หลังฉีดวัคซีนล่าช้า,https://www.prachachat.net/world-news/news-785270,2021_10_19
ครม.ไฟเขียวกรอบ-ปฏิทินจัดทำงบประมาณปี’66,ครม.เห็นชอบแนวทางการจัดทำงบประมาณรายจ่าย-ปฏิทินงบประมาณ […] อ่านข่าวต้นฉบับ: ครม.ไฟเขียวกรอบ-ปฏิทินจัดทำงบประมาณปี’66,https://www.prachachat.net/politics/news-785272,2021_10_19
ประยุทธ์ จ่อประชุมสุดยอดอาเซียน ลงนามเคลื่อนไทยทุกมิติ 22 ฉบับ,ครม. เห็นชอบลงนามเอกสาร 22 ฉบับ ขับเคลื่อนความร่วมมือทุ […] อ่านข่าวต้นฉบับ: ประยุทธ์ จ่อประชุมสุดยอดอาเซียน ลงนามเคลื่อนไทยทุกมิติ 22 ฉบับ,https://www.prachachat.net/politics/news-785281,2021_10_19
ครม. อัดฉีดเศรษฐกิจ 5 มาตราการ ส่งท้ายปีเฉียดแสนล้าน,"ประยุทธ์ นั่งหัวโต๊ะ เคาะ 4 มาตรการช่วยค่าครองชีพ 54,50 […] อ่านข่าวต้นฉบับ: ครม. อัดฉีดเศรษฐกิจ 5 มาตราการ ส่งท้ายปีเฉียดแสนล้าน",https://www.prachachat.net/politics/news-785297,2021_10_19
"ลงทะเบียนรับ 3,000 บาท 3 เดือน ช่วยลูกจ้าง SMEs","กระทรวงแรงงานดันโครงการช่วย SMEs ผ่าน ครม. ทุ่ม 3.7 หมื […] อ่านข่าวต้นฉบับ: ลงทะเบียนรับ 3,000 บาท 3 เดือน ช่วยลูกจ้าง SMEs",https://www.prachachat.net/csr-hr/news-785211,2021_10_19
ไทย-จีน จับมือผลักดันอุตสาหกรรม Soft power,ครม. เห็นชอบไทย-จีนจับมือผลักดันอุตสาหกรรมภาพยนตร์ทั้งร […] อ่านข่าวต้นฉบับ: ไทย-จีน จับมือผลักดันอุตสาหกรรม Soft power,https://www.prachachat.net/economy/news-785335,2021_10_19
กสิกรไทย แจงแล้ว! โฆษณาขายประกัน “โดนแฮกเงินหาย”,แบงก์กสิกรไทย แจงยิงโฆษณาขายประกัน “โดนแฮกเงินหาย […] อ่านข่าวต้นฉบับ: กสิกรไทย แจงแล้ว! โฆษณาขายประกัน “โดนแฮกเงินหาย”,https://www.prachachat.net/finance/news-785353,2021_10_19
ไทยเวียตเจ็ท อัดโปรบินคุ้มรับหน้าหนาวซื้อ 699 แลกส่วนลดได้ 1 พัน,สายการบินสายการบิน “ไทยเวียตเจ็ท” เดินหน้ายกระดับประสบก […] อ่านข่าวต้นฉบับ: ไทยเวียตเจ็ท อัดโปรบินคุ้มรับหน้าหนาวซื้อ 699 แลกส่วนลดได้ 1 พัน,https://www.prachachat.net/tourism/news-785359,2021_10_19
ดอลลาร์แกว่งตัวในกรอบแคบ ตลาดขาดปัจจัยชี้นำ,ดอลลาร์แกว่งตัวในกรอบแคบ เนื่องจากตลาดขาดปัจจัยชี้นำ ขณ […] อ่านข่าวต้นฉบับ: ดอลลาร์แกว่งตัวในกรอบแคบ ตลาดขาดปัจจัยชี้นำ,https://www.prachachat.net/finance/news-785257,2021_10_19
ปรับราคาหน้าฟาร์มหมู ทะลุ 80 บาท/กก. คาดหลังเปิดประเทศ บริโภคเพิ่ม,ส.ผู้เลี้ยงสุกร ปรับราคาหน้าฟาร์ม อีก 4 บาท ทะลุ 80 บาท […] อ่านข่าวต้นฉบับ: ปรับราคาหน้าฟาร์มหมู ทะลุ 80 บาท/กก. คาดหลังเปิดประเทศ บริโภคเพิ่ม,https://www.prachachat.net/prachachat-hilight/news-785366,2021_10_19
“นิวซีแลนด์” ทุบสถิตินิวไฮ ยอดผู้ติดเชื้อโควิด-19 ใหม่,ยอดผู้ติดเชื้อโควิด-19 ที่ประเทศนิวซีแลนด์ใหม่วันนี้ ทำ […] อ่านข่าวต้นฉบับ: “นิวซีแลนด์” ทุบสถิตินิวไฮ ยอดผู้ติดเชื้อโควิด-19 ใหม่,https://www.prachachat.net/world-news/news-785379,2021_10_19
“วัน ออริจิ้น” ปั้น 2 คอนโดขายสิทธิการเช่า 30 ปี เจาะตลาดผู้สูงวัย,วัน ออริจิ้น เปิดตัว “ออริจิ้น เวลเนส เรสซิเดนซ์” เจาะต […] อ่านข่าวต้นฉบับ: “วัน ออริจิ้น” ปั้น 2 คอนโดขายสิทธิการเช่า 30 ปี เจาะตลาดผู้สูงวัย,https://www.prachachat.net/property/news-785386,2021_10_19
แบงก์ชาติ ตอบ 8 ข้อสงสัย ปม “เงินหายจากบัญชี” สาเหตุจากอะไร?,แบงก์ชาติ ตอบ 8 คำถาม สาเหตุ-การป้องกัน ปม “เงินห […] อ่านข่าวต้นฉบับ: แบงก์ชาติ ตอบ 8 ข้อสงสัย ปม “เงินหายจากบัญชี” สาเหตุจากอะไร?,https://www.prachachat.net/finance/news-785391,2021_10_19
